4815,18.672711579602066,-9.4751541008103,"Dr. Kenton Runolfsson:10,Magnus Runolfsdottir:54,Romaine Veum:75,Letitia Runolfsson PhD:6,Amiya Paucek III:36,Mrs. Hulda Mohr:7,Suzanne Smith:57,Jeramy Huel:36,Spencer Durgan:80",blanditiis,Th:10
395,85.68896733328381,14.032924481127935,"Noel Prohaska:95,Savannah Batz:68,Ines Marks:15","reiciendis,dignissimos,earum,saepe,modi,laboriosam,dicta,qui",Tu:12
2334,10.407848547688644,19.51775348802326,"Wilbert Lowe:68,Nannie Barton Sr.:32,Odell Kutch II:45,Emelie Wyman Sr.:58,Mrs. Kristofer Collier:26,Caesar Stark:76,Roscoe Bogan:64,Matt McGlynn:99",qui,Mo:9
3230,88.89668009019522,55.59500558152763,"Breanna Cronin:21,Santina Howell:89,Efrain Jacobs:32,Eldridge Kunde:66,Carmela Reinger:60,Denis Dare:31,Scarlett Willms:10,Maudie Keeling:9,Carolyne Witting:57,Frieda Boyer:14","tempore,similique,sed,recusandae,expedita,nostrum,natus,voluptatem,aliquam,ex",Fr:19
2570,29.000614738726853,-22.90710523462701,"Lavinia DuBuque MD:0,Norval Herman:5,Mckayla Christiansen:82,Zula Mann:77,Bernie Pagac:25,Hadley Frami:26,Jerry Oberbrunner:55,Sunny Shanahan:13,Angelita Pagac DVM:8,Nina Purdy III:74,Bailey Boyer:97","modi,illo,possimus,cum,ad,accusamus,sequi,omnis",Th:17
2570,29.000614738726853,-22.90710523462701,"Lavinia DuBuque MD:0,Norval Herman:5,Mckayla Christiansen:82,Zula Mann:77,Bernie Pagac:25,Hadley Frami:26,Jerry Oberbrunner:55,Sunny Shanahan:13,Angelita Pagac DVM:8,Nina Purdy III:74,Bailey Boyer:97","modi,illo,possimus,cum,ad,accusamus,sequi,omnis",Th:17
2827,-19.378514584978774,87.6526094592013,"Susan Glover:23,Nova McDermott:26,Ransom Larson I:13,Sierra Klein:51","est,dolor,suscipit",Sa:19
6755,-70.42944583029384,-5.2559302558116485,"Tremaine Wilderman:56,Dean Daniel:20,Lavada Wolf:53","sequi,aspernatur,sed,quo",Su:22
5769,12.333224483447054,-36.861656478326466,"Mattie Nienow:43,Lon Walter:11,Nick Ritchie II:10,Ms. Roberta Wisoky:45,Enrico Roob:6","corrupti,non,et",Mo:23
5206,-6.504463176992402,149.85253873078187,"Robert Rodriguez PhD:58,Addie Legros:99,Sigmund Torp:29,Laury Lind:72,Ms. Name Feeney:76","rerum,nulla,dolorum,delectus,quam",Tu:8
6940,8.051124135050841,-106.60229868509826,"Yvonne Wilkinson:57,Aurelia Kozey:15,Quincy Raynor:38,Reggie Beatty:96,Deangelo Welch:23,Jana Conn:42,Alfredo Metz DVM:20,Marlin Kutch:92,Zachary Sporer PhD:26,April Veum:43","labore,veritatis,exercitationem",Fr:4
4368,-62.581609523469744,-24.335437714744813,"Tara Keebler:89,Dr. Jasper Torp:43,Jacinthe Rohan:72,Pasquale Quigley IV:5,Molly Kris:51,Zachary Cormier:83,Hugh Hane:86,Garnett Morissette MD:31,Mr. Sasha Huel:26,Rodger Crooks V:90","sed,ut,ullam,ratione,veniam,corrupti,quaerat,minus",Sa:19
7945,-83.44891492096677,104.60975642684781,"Miller Mills:32,Bill Haley:10,David Swaniawski:96,Jarret Stiedemann:74,Ms. Marcos Hane:18,Matteo Lesch Jr.:90,Thora Schoen IV:50,Dr. Jennings Rempel:74,Demetrius Moen III:86","exercitationem,quod",Mo:8
11806,-78.56549133279896,-152.43250301610942,"Devyn Barrows:27,Trudie Hahn:51,Dell Rempel:18","quisquam,est,natus,soluta,repudiandae",We:0
8695,15.567335092102752,134.77277313312226,"Virginia Hoeger:87,Dr. Ron Aufderhar:56,Cassandre Lowe:14,Elmore McCullough:90,Ms. Jazmyn Shields:68,Kasey Purdy:76,Anita Powlowski III:92,Marian Schmitt II:39,Jarrett Little:43,Adolfo Larkin:34","incidunt,a",Tu:15
580,-82.67433765402,-56.27831671511899,"Ayla Kirlin:32,Emmie Maggio:80","ea,quia,minus,eos,assumenda,et,tenetur",We:2
7279,57.32100889947259,-133.57936970056488,"Caroline Ferry:74,Mazie Klein:82,Easter Huels:11,Mr. Kattie Leuschke:22,Cade Jewess:41,Hulda Wehner:59,Reba Gusikowski I:42,Reta Blanda:37,Geovanni Hodkiewicz:3","totam,rerum,libero,autem,facilis,voluptatem,voluptatem,et,saepe,numquam",Tu:9
3473,-13.231205004884103,73.03347037510216,"Tyshawn Jaskolski I:29,Cicero Abernathy:98,Berry Pfannerstill:52,Pablo Corwin:4,Tyrese Goodwin V:82,Dennis Rogahn:33,Dr. Jimmie Walsh:43,Sigrid Collier:30,Ted Douglas:72,Hailey Murray:32,Lucius Gottlieb:63","architecto,porro,fugiat,non,nam,consequatur,et,sapiente,sed,doloribus",Tu:3
4830,70.99569206699888,-77.07378199851402,"Kiarra Wiegand:59,Nova Strosin:95,Clyde Kautzer DVM:23,Zion Kerluke V:8,Llewellyn Fay:37,Erica Herzog:81","non,repellat,odio,aliquid,sunt,aut,fugit,sint,sunt",Su:11
10997,27.373839411320304,89.76447859876959,"Hugh Collier:66,Nash Goldner:21,Mr. Aryanna Herzog:30","nisi,quia,laboriosam,commodi,reprehenderit,accusamus,aliquam,ipsum",Th:16
10726,-32.28855875762063,0.2181997719020501,"Syble Roberts:71,Jaime Stiedemann:66,Melody Anderson I:53,Ozella Reilly:69,Trever Towne DDS:33,Grayce Roob:87,Hank O'Reilly:25,Dr. Isabell Christiansen:20",ea,Sa:8
8246,-25.934375838709528,78.51314094302853,"Bryana Renner II:13,Dr. Alexys Hilpert:92,Kaia Rowe:73,Amos McClure:99,Linnea Smith:47,Mr. Charlotte Herman:49,Jadyn Effertz:36,Joannie O'Kon:51,Richie Jakubowski:32,Sammie Emmerich:26,Mr. Verna Littel:52","quam,laborum,provident,qui",Su:0
12098,-64.26965161497203,59.18661740870533,"Delmer Wuckert:46,Maryjane Franecki:6","aperiam,quod,non,ad,eveniet,sed,iure,quam,voluptatem",Fr:13
8366,54.80882798151279,93.7002932801916,"Berniece Conroy:57,Daniella Beer Sr.:49,Rebecca Schiller II:100,Kole Wisoky:58,Pedro O'Hara:16,Shaina Pfannerstill:25,Arielle Farrell:37","amet,esse,possimus,perspiciatis,magni,odit,repudiandae,iusto,fuga,quidem",Fr:6
7561,-82.85947159464867,-99.47708304219529,"Dr. Alfredo Jacobson:16,Mason Watsica:92,Ruben Harris:3,Mrs. Maegan Hayes:88,Kaylin Kessler:39",ut,Th:5
12002,-63.015583310263445,-61.59625380074519,"Brady Murray V:98,Delpha Kulas:37,Malvina Watsica DDS:4,Rafaela Murray:90,Gordon Bednar II:25","magnam,optio,accusamus,corporis,consequatur,et,quam,tenetur,accusantium",Fr:5
6031,-12.995452337881218,109.93605178432148,"Kaci Mayer:47,Ross Weber:48","et,officia,unde,nobis,dignissimos,qui,explicabo,tenetur,enim,qui",Th:15
11419,-37.749179419714146,-36.60934381178504,"Benton Price I:63,Aaliyah Batz:97,Alvis Abernathy:5,Gerda Ortiz:2,Kristy Goyette:52,Sierra Grant:100,Mr. Kathryn Torphy:90,Kacie Morar:99,Mr. Marianna Leuschke:11,Mrs. Donavon Stracke:1",ipsam,Sa:6
10389,-5.153070598805087,-99.63095099222454,"Miss Melody Bergnaum:32,Madelyn Konopelski V:24","atque,velit,est",Su:20
10407,36.821584396895915,-123.29749691602967,"Kattie Kirlin:73,Electa Kiehn Jr.:48","ullam,consectetur,voluptate,quidem,minima,et,facere,beatae",Mo:15
366,4.164398410813405,34.69564636501235,"Dr. Jayda Abernathy:36,Rosina Flatley:81,Dr. Kody Harber:91,Royal Shanahan:90,Eladio Bauch Sr.:69","cupiditate,dolores,eos,nam,velit,cupiditate,perspiciatis,beatae",Fr:4
9976,50.80739052209489,-91.92251907987509,"Emery Baumbach:11,Adalberto Mertz:100,Julianne Collins:85,Ruben Padberg:8",iste,Mo:2
4914,73.74526823470649,-130.88027037421404,"Dr. Muhammad Reichel:50,Monica Douglas:53,Dennis Murphy:88,Josephine Hackett:51,Claudia Swaniawski:31,Sherwood O'Hara II:96,Vicente Hintz:67,Bethel Jacobi:72,Pedro Fay:17,Monserrate Davis:37,Jana Ryan:60","quod,ea",Tu:21
1773,-67.76373732059464,-102.05257857919433,"Jennyfer Douglas III:90,Ashlee Schumm V:31,Cyrus Wiegand:71,Deon Fadel:29,Reginald Kovacek:74,Kaci Hahn:59,Alvena Becker:99","quam,est",Su:23
10569,-34.93766377095776,-140.4604503609549,"Carter Buckridge PhD:42,Mrs. Jacinto Kohler:59,Corbin Rau:59,Thea Sipes:32,Penelope Blanda:60,Davin O'Keefe DDS:66,Ilene Morar:66,Amya Hettinger:47,Isidro Murphy II:78,Robb Pacocha:25,Dr. Ada Renner:60","qui,sit,vel,ut,magni,assumenda,sed,quaerat",Su:22
3365,-10.393219067716345,35.42077997212701,"Freeman Kutch:57,Ms. Marcus Lemke:47",aut,Th:10
4651,72.69962797272268,-23.6286998890792,"Mortimer Krajcik:34,Ari Wilkinson:42,Imelda Altenwerth:44,Aida Robel:15,Kara Turner:14,Dr. Alvina Kreiger:16,Ms. Keenan Aufderhar:94","asperiores,omnis",Fr:23
7837,-50.320120855329584,-25.272764398047002,"Magnus Bartell Sr.:83,Dr. Jensen Raynor:48,Millie Davis:7,Matt Price:43","omnis,quas,ut,sapiente,quisquam",Su:0
10794,64.18375631564899,105.92039689950838,"Miss Rudy Schinner:2,Kristina Zemlak:47,Syble Douglas:41,Beth Kuhlman:8,Jessy Graham:54,Jayson Larkin:69,Darby Olson:67,Ms. Alva Mohr:85","maiores,incidunt,quidem,aut,minus,esse,quis,illo,vel",We:11
5997,73.09544199069538,105.14527139682764,"Al Rath:57,Amparo Kuhn III:35,Miss Imelda Rutherford:100,Leonora Deckow Jr.:87,Andrew Wintheiser:98,Mrs. Augustus Brakus:29,Eusebio Spencer:26,Giovanna Runolfsson:34,Carmella Johnson V:55","harum,placeat",Mo:6
685,-88.39415785178723,129.1428747457465,"Korey Romaguera III:53,Harmony Leuschke:12,Mr. Marcos Feest:49,Mr. Rosella Boehm:69,Isabell Yundt:59,Lucienne Kassulke:77","voluptate,quia,aut,dolorem",Fr:6
3864,17.924435540654883,47.1887844418425,"Mr. Jennyfer Grimes:91,Duane Murray II:8,Jamel Mann:63","molestiae,nulla,dolores,ex,soluta",Mo:2
6710,-64.07629540994812,-95.06044347149722,"Hiram D'Amore:47,Jaclyn Kshlerin:63,Ms. Shanny Barrows:36,Margret Abernathy:37","tempore,et,aliquid",Fr:5
8807,61.41155022275112,124.70558457554813,"Ulices Mueller:38,Mrs. Alyce Bechtelar:32,Ms. Genoveva Walter:10,Piper VonRueden:47,Ms. Dean Brekke:0,Hank Bradtke:96,Elnora Willms:63","dolores,laudantium,id,ratione,perferendis,dolor,et,sint",Tu:21
931,86.33612106516904,128.75147530011571,"Leilani Bayer:74,Alisha Mohr:97,Mrs. Judge Satterfield:52,Marcelo Dooley Jr.:54,Thaddeus Konopelski IV:65,Miss Omer Littel:88,Iliana Kohler V:50,Bette Jast Sr.:8","et,et",We:4
4751,22.807856722650328,123.39684505722761,"Deanna Cormier:88,Mr. Niko Fisher:50,Selmer Blick:65,Miss Hilma Gottlieb:99,Alicia Hettinger:66,Jayne Quigley:85,Donna Greenholt:50,Nils Botsford Sr.:14,Jarrett Wisozk:89,Mrs. Vincenza Buckridge:21,Mason Bins:85","eveniet,sequi,nemo,repellendus,libero,ut,ut,magni,sapiente",Sa:7
5326,1.1128774916453494,-71.65770367132679,"Miss Yoshiko Kassulke:9,Miss Eliza Kovacek:67,Mrs. Isai Casper:5","omnis,non,hic,minima,esse",Fr:6
9323,-83.93247409054072,-135.62486990616256,"Aimee Blick:34,Urban Wisozk:49,Arnaldo Hartmann:31,Joy Cormier II:76,Kasey Windler:94,Mr. Makenzie Bartell:67","nihil,rerum",Sa:15
5933,23.936565529031057,43.39255746543611,"Dr. Hassan Frami:94,Collin Koelpin PhD:62,Kayli Bogan:65,Terrell Baumbach:21,Dell Harber:43,Rosella Schmitt:61,Dr. Adelle Erdman:79,Reyes Deckow:18,Giovanna Gutkowski II:28","ut,reprehenderit,mollitia,occaecati",Fr:21
8258,-51.025551429122345,50.72294600765795,"Nolan Hickle:75,Johathan Satterfield:81,Jaleel Weimann:94,Hank Skiles Jr.:7,Trisha Roob:68,Enrique Weissnat:74,Orin Mueller:41,Dr. Cordell O'Conner:34","rerum,rem,eos,recusandae,placeat,officia,dolorum,atque,at,excepturi",Th:23
6451,69.70872923816759,102.56262762015643,"Mohamed Kohler V:33,Frederik Mills PhD:0,Jakayla Kuhic:57,Mr. Eliane Toy:83,Deanna Hickle:35,Shaina Wiza:6,Meghan Legros:94,Ms. Celine Dooley:11","quisquam,enim",Su:5
1413,74.15201282347289,-178.04435609791125,"Marguerite Bergstrom:68,Wyman Hegmann:83,Anais Volkman:78,Miss Freddie Friesen:9","velit,iste,et,incidunt,voluptates,autem,dolorum,temporibus,sit",Mo:23
12210,-16.342395393577718,151.24592085762072,"Karina Kub:86,Elinor Cremin:68,Chloe Kunde:61,Federico Conn:72,Kaya Considine:12,Lula Hansen:28,Shyann Hamill Sr.:95,Gunner Mitchell:90,Erika Mann:30,Brandi Tromp:15,Esperanza Hickle:25",suscipit,We:10
3960,29.630873640248552,96.41083499445602,"Mr. Kenny D'Amore:59,Margret Bartoletti II:71,Roselyn Hoeger:70,Lewis Harris:7,Kobe Trantow:6,Jimmy Prohaska:67,Demarcus Sauer:31,Keagan Runolfsdottir:56,Ciara Farrell:94,Mohammad Klein:78",sed,Sa:15
446,6.690809827877914,10.449822151040621,"Mrs. Manuela Dickinson:63,Antonia Jast:47,Georgiana Brown DVM:88,Bertram Lockman:5,Leilani Stiedemann V:25,Braulio Beer PhD:53","quia,eligendi",Th:9
12344,-49.67495902088949,-17.7956522743512,"Aisha Fadel:73,Una Littel I:72,Aletha Gutmann:85,Assunta Kautzer:61,May Schultz:44,Ramona Ferry:69","suscipit,dolores,sapiente,reiciendis,minima,beatae,voluptatibus",Tu:19
7793,-88.22280910853311,23.46163076887268,"Isobel Spinka:27,Sebastian Gibson:72,Omer Stroman:33,Bryce Grimes:86,Dallas Emard:54,Eveline Hermann:16,Demetrius Beahan:35,Emiliano Jacobs:19,Ms. Mellie Swaniawski:49,Mr. Cathryn Funk:54,Jennifer Heaney:52","fugiat,delectus,accusamus",Tu:18
5609,-76.86758275299869,83.51168866924115,"Arlie Walsh:69,Liliane Bernier:46,Miss Jimmy Prohaska:55,Karolann Streich I:3,Adolphus Price:46,Cara Toy DVM:93","soluta,quibusdam,aut",Tu:19
1734,24.07940343177073,-16.31735076477318,"Ms. Marian Beahan:12,Anya Simonis:82","et,omnis,eum,perferendis,voluptatem,laboriosam,ut",Su:0
5550,-65.09791387325667,48.67000701976619,"Eliane Ortiz PhD:41,Kenya Dach:98,Amelie Bayer:72",consequuntur,Sa:13
3670,55.462375421382006,62.25868150500645,"Ms. Damien Gleason:81,Raymundo O'Conner:9,Nellie Dicki DDS:67,Mr. Rickie Beatty:56,Emie Dach:9,Gerardo Keeling III:36,Barrett Howe DDS:20,Mrs. Mario Goyette:70","sit,nemo,aliquid,sit,vel,delectus,libero",Th:13
154,-74.86364423122144,35.140298599965064,"Adelia Leffler:36,Imogene Terry:11,Isadore Schmeler III:52","deleniti,ipsam,ipsam,aut,modi,aperiam,eos,eveniet",Tu:11
3266,39.020797813747095,-144.9578758936014,"Darius Blanda:37,Caitlyn Weber:17,Dewayne Hartmann:86,Jorge Koelpin:62,Orion Hyatt:85,Brook Brown:42,Macy Powlowski:38,Ashton Hayes:17,Oswaldo Carroll:31,Christiana Toy:68,Chad Koss:86","totam,officiis,et,voluptatum,nisi,consectetur,occaecati,provident,eum",Tu:20
6681,87.24458932620135,-105.2784621523102,"Mr. Bryce Rodriguez:41,Vincenzo Crooks:34,Tristin Heathcote:72,Mrs. Gustave Bartell:1,Nyasia Jast IV:79,Patience Bruen:42,Angela Rosenbaum II:75,Ms. Samara Kautzer:29,Orval Renner III:4,Deanna Russel DDS:7,Kailey Reynolds:42","eos,nam,sequi,omnis,totam,delectus,aut",Fr:0
6060,43.59625223965173,108.7926465976455,"Bertha Konopelski II:68,Neil Johns:68,Abigail Jacobs:82,Dr. Holly Cole:40","sed,et,et,ut,sit,veritatis,dicta",Tu:1
5846,71.9057201360346,-111.67818928645788,"Laurianne Dach:4,Maryjane Mante:52,Ronny Schinner:95,Ms. Carmella Lakin:51,Dan Kovacek:43,Elmo Tromp:64,Dahlia Senger:100,Jamar Lockman:42,Dr. Morgan Kuhn:23","laboriosam,delectus,tenetur,voluptatem,ipsam,quaerat,nisi",We:18
2365,-48.81391725780513,-69.71636126535716,"Sylvan Schumm:8,Elfrieda Ryan:52,Fabian Herman:33,Heath Gutkowski:98","dolore,doloribus,earum,necessitatibus,quia,aut,consequuntur",We:17
2039,16.852449193048486,-145.3458730859063,"Mae Zulauf:99,Frederick Schmidt:98,Mrs. Deshaun Fay:100,Riley Jacobson:65,Mrs. Vanessa Rice:33,Dario Cole DDS:90,Evan Schamberger DVM:5,Hildegard Conroy:88","molestiae,sed,repellat,reiciendis",We:4
6210,-17.637525381962604,34.26723281152218,"Kathlyn Tillman Jr.:61,Josianne Batz:20","voluptates,et,sequi,ut",We:8
1026,-59.41171802272906,53.08967806505126,"Clifton Marvin:86,Darrin Bednar:3,Adolphus White:84,Anika Bayer:31,Mrs. Braeden Borer:7","et,dolorum,qui,hic,quia",Th:0
3281,72.33262434833688,-28.013098003443503,"Jacynthe Mohr:100,Giovani Crist V:10,Mireille Rogahn:30,Eliseo Emard:58,Ardella Simonis:88,Ole Conn:40,Mr. Braulio Kuvalis:14,Gilberto Daniel:61,Wilma Lockman:72,Adelia Prosacco:100","occaecati,est",Mo:16
5732,-72.69046306857634,109.91688483206076,"Annalise Christiansen:72,Buck Hamill:35,Warren Breitenberg:64,Anderson Glover:2,Pierre Weber DVM:40,Evalyn Quigley I:82,Celestine Mills:95,Tyshawn Purdy IV:92","quisquam,quia,ratione,atque,iusto,ipsum,non,perspiciatis,qui,aut",Sa:23
4015,51.38696039144756,4.392517074495487,"Dr. Rory Heller:12,Mr. Verla Predovic:30,Novella Hoppe IV:97,Bart Renner:12,Otho Rippin:82,Dr. Colton Harvey:68,Miss Darien Champlin:52,Ottilie Pollich Sr.:68,Matilda Deckow:57,Franco Balistreri MD:68","est,ut,vitae,quia,rerum,aliquam,laudantium,velit",Mo:1
4476,46.765040598711266,20.68005274114077,"Virginia Kub:15,Icie Kihn:86,Mr. Carlee Nader:50,Reba Ryan I:66","ipsam,nam,occaecati,doloremque",Tu:6
6167,23.43344453087049,108.19251368026818,"Dr. Jolie Boyer:36,Roslyn Runolfsdottir V:46,Rae O'Hara:78,Darwin Pacocha:37,Hellen Schneider:42,Nora Koss:30,Loma Breitenberg DDS:90,Onie Lowe:84,Idell Bechtelar:94","vitae,ratione,est,quas,voluptatum,rerum",Su:10
1819,-25.051478351029473,32.71945084854693,"Ceasar Romaguera:32,Liliane Graham:70,Hershel Crooks:11,Coleman Hessel:26,Cristal Maggio:58,Russell Monahan:84,Libbie Breitenberg Sr.:58,Ashleigh Torp:55,Noemy Little I:31,Edgar Friesen:26,Lionel Jacobson:12",reprehenderit,Tu:7
3585,18.049468385270444,127.75526390820562,"Noemi Brown:92,Dr. Kaci Hintz:3,Abraham Cremin PhD:95,Carroll Sauer I:14","expedita,adipisci,laboriosam,earum,saepe,quia,earum,quia,quaerat",We:20
11042,-28.261171909781865,-69.77037097270923,"Lauryn Leannon DDS:57,Dr. Jalen Torp:23,Martin Wehner:37,Mr. Hanna Lockman:28",minus,We:6
8386,-66.34095536501268,-142.2339220598837,"Barney Funk DVM:99,Melyssa Weber:43,Lillie Cummings:39,Darion Mueller MD:0,Jean Grady:21,Garrick Trantow:93,Mr. Turner Nikolaus:32,Julius Lindgren:42,Sabina Rempel:1,Mathias Hessel PhD:96","culpa,tenetur,aut,aspernatur,perferendis,ullam,qui,error",We:14
9,70.31091291660101,-44.303884495964695,"Derek Schaden:7,Mr. Logan Hirthe:58,Brando Barrows:46,Lucious Torp:35,Braulio Schowalter:10,Miss Nikko Carter:43,Vicky Schinner:56,Ms. Bartholome Cronin:44","in,eum,minima,eius,quam",We:8
3661,-26.905287545998434,169.06213434965974,"Dr. Ike Hermann:64,Mrs. Houston Balistreri:61,Dr. Nichole Grant:91,Ms. Betty Jenkins:58,Luis Morissette:55,Josiane Fadel:17,Tobin Roberts:84","sit,optio,ad,suscipit",Th:6
1706,-60.07039991226671,95.49359507176979,"Mr. Eve Goldner:42,Dr. Amina Trantow:21,Mr. Hollie Miller:75,Terrell Rowe:43,August Monahan:21,Mr. Darion Carroll:1,Bridie Cronin:78,Xzavier Fisher III:87,Mr. Tomasa Rau:46,Price Legros:22,Geovanny Gibson:27","laudantium,eos,qui,dolorum,et,nisi,reprehenderit,doloribus,ipsam,veniam",Mo:17
4514,67.67785280258937,-136.19277659033287,"Orie Mueller:4,Delta Price:93,Dr. Glen Stoltenberg:56,Twila King DVM:12,Jo Orn III:40,Isaac Heidenreich:93",repudiandae,Tu:4
12300,-27.856114444919555,-14.674536628365757,"Kathlyn Pouros:67,Abigale Brown:10,Otis Marquardt:39,Jaydon West:16,Astrid Hammes:52,Lewis Casper:10,Oswaldo Keebler:74,Luz Wisozk:26,Modesta Sawayn I:90","doloremque,rerum,itaque,voluptate,sint,magnam,neque",Su:23
423,-83.42326746748428,-68.29125388635485,"Katharina Jast:0,Mrs. Dolores Feil:65","porro,omnis,assumenda,aperiam,omnis",Mo:1
271,84.8057540173578,48.85437802644529,"Johnathon Brekke I:32,Rosalee Bruen:12,Paris Haag:41,Thora Heller:100,Lilly Bailey:34,Retta Maggio:35,Keely Bayer:40,Eliza Lakin:93","earum,nisi,eum,quis,eum,possimus,ex",We:16
4341,6.240638560493409,-98.49286843364276,"Hollie Waelchi IV:70,Dejon Wiegand IV:60,Dr. Cordell Rowe:39,Chad Mueller:40,Linnea Hodkiewicz I:54","alias,quo,architecto,atque",Fr:18
11097,-18.879396114338007,-3.648924404685914,"Gust Glover Sr.:49,Hallie Gottlieb:41,Maudie Bayer:53,Adelbert Hyatt:44,Ms. Arianna Kihn:37,Tiara Kerluke:21,Lilyan Littel:7,Shania Macejkovic:2,Miss Riley Ratke:29",deleniti,Tu:14
4449,-81.26839938651729,117.56539895657266,"Kennedi Bartoletti:12,Jacinto Veum:96,Jessie Casper:98,Mollie Rodriguez IV:99,Macy McLaughlin:3",dignissimos,Fr:1
3048,-89.87538365672474,-151.31270003499216,"Nyah Botsford:0,Nellie Ryan:14,Domenico Lesch:97,Judson Brekke:81,Justyn Rempel:46,Leilani Fisher:74,Diana Hagenes:59","ipsa,ex,iste,laborum,nihil,consequatur,modi,et,velit",We:17
10819,81.78757461447941,-154.45347784704998,"Zechariah Huels:36,Grayce Bradtke V:65,Raoul Kuvalis:90,Destiny Lowe:60,Michele Hudson Sr.:25,Dortha Rath:80",dolorum,Su:16
1168,65.52026441611429,-165.66248275883538,"Nasir Barton IV:21,Shyann Ziemann:77,Mireya Crona:70,Elliot Treutel:29,Herminio Beahan:43,Luigi Sauer:86,Miss Pamela Haley:43","est,aliquam,soluta,maxime,officia,saepe,non,suscipit",Mo:4
11356,-25.1428917140272,-75.16652024144682,"Magdalena Bins:23,Alycia Koelpin:56,Woodrow Wuckert:76,Yazmin Hegmann:57,Barry Becker:69,Anabel Armstrong:17,Thora Reilly:90,Miss Emmie Dickens:9,Dr. Rollin Stroman:89,Gregg Armstrong II:22,Arielle Deckow:71","atque,repellendus,odio,ut",Tu:1
8846,25.964892611028148,179.65287423461587,"Shemar Anderson:15,Mrs. Catharine Durgan:100,Jailyn Beatty III:52,Sid Tremblay:29,Alivia Conn:97,Dakota Beer Sr.:83,Jarred Bartell V:79","impedit,sequi,sit,et",Sa:20
3114,55.27385128236523,138.22980054588862,"Hilton Conn DVM:2,Gianni Jacobi:97","et,eveniet,dolorum,velit,vero,sapiente",Th:19
10598,9.861961179486855,-1.6171733609004093,"Ms. Izabella Walker:16,Antonetta Kuvalis:12,Charity Nolan I:30,Diana Homenick:95,Clinton Fahey:45,Furman Hayes:95,Miss Guiseppe Weissnat:39",similique,Sa:17
6284,-84.84205289616172,63.83130839197406,"Haylie Turner I:21,Kaia Beier Jr.:31,Mr. Dolores Wuckert:24,Wilhelmine Kris:3,Ms. Arthur Dooley:35,Rollin Huels:28,Leland Hahn:49,Darryl Jacobs:38","est,optio,facilis,eaque,unde,fuga,in",Sa:12
6020,54.73357988471406,-78.42467774326633,"Lyla Medhurst:84,Cordelia Nader:42,Alexanne Keebler IV:37,Murl Treutel Sr.:67,Louisa Senger:67,Miss Madyson McCullough:47,Ozella Langosh:57,Ricky Nolan:71,Eda Cole III:15,Annamarie Schimmel:76,Gaston Dare:78","ratione,magnam,adipisci,ut,et,vero",Th:21
1138,52.428154323139125,-44.38528818325898,"Krystel Ankunding:55,Teresa Gleason:80,Mr. Gabe Mayert:60,Franco Mann I:35,Imelda Ferry V:64","dicta,error",Fr:1
7676,-30.4002554337347,2.26239098414365,"Concepcion Yundt:77,Bettye Considine:0,Aileen Little:76,Florian Parisian:6,Marielle Pollich:28,Cleve Cartwright II:65,Miss Lelah Osinski:82,Miss Mia Kerluke:44,Mr. Lorenzo Walker:4,Barton Cronin IV:59,Brent Miller:6","qui,ut,similique,voluptas,neque",Su:21
1901,64.26914076768003,-106.43149074227838,"Ian Nader:46,Izaiah Nienow IV:0,Triston Lowe III:87,Leon Durgan:55,Bettye Torphy:54,Mr. Heaven Abbott:42,Dexter Romaguera:98,Norris Blick:10,Mike Considine:59,Taryn Oberbrunner DDS:73,Enos Mayer I:42","inventore,sapiente,optio,praesentium,molestiae,fuga",Fr:0
11868,60.92566926016241,70.12717289372867,"Mollie Koelpin:92,Elvie O'Conner:52,Dale Armstrong:86,Elna Gusikowski:52,Elza Strosin:31,Ashton Tromp:32,Roman Klein PhD:9,Mason Turcotte DVM:45,Brett Medhurst:77,Dr. Antone Cassin:99","quo,placeat,sunt,ipsum",Tu:14
2830,-32.71084734687343,85.4345311757221,"Loyce Thiel:70,Mark Walter MD:49,Madelynn Kemmer:42,Zoila Rosenbaum:57,Mrs. Jazlyn Jacobi:30,Kattie Koelpin:92","ea,nihil,aut,modi,expedita,veritatis",Sa:14
1225,4.9777919646337665,-96.89107864810225,"Ms. Nash Heathcote:59,Dax Erdman DVM:69,Dr. Filomena Heidenreich:85,Irwin Fay:31,Missouri Bode:17,Ms. Roosevelt Waelchi:64,Daniella Keeling:38,Verner Bruen:36,Desiree Quitzon:54,Juliet Frami:31,Francesco Nienow:3","accusamus,eligendi,illo,sapiente,odit,quia",Fr:15
2427,-88.35746383541846,176.2037689330101,"Mr. Adell Predovic:73,Cleta Rath DDS:4,Ms. Martine Buckridge:67,Ayden Terry II:9,Vladimir Murazik:4,Donato Turner:95,Sylvester Nienow:16",sit,We:6
195,21.071732481403146,23.125002909147753,"Mrs. Raleigh Funk:6,Krystal Rolfson:71,Polly Mills:79,Miss Loraine Nitzsche:66,Kristy Torp:34","maxime,aut,sit,ea,qui,ut",Su:3
12265,31.49941692377793,53.442983017418385,"Mr. Irwin Renner:14,Lorena Trantow:56,Samara Littel:78,Destiney Collins:50,Grant Bashirian:22,Lawson Shanahan:12,Tanya Robel:19,Nash Huels:69","et,ipsa,dolores",Sa:11
3855,13.768150379674083,139.99628986492803,"Dr. Vidal Romaguera:88,Bailey Cartwright:85,Gertrude Torphy PhD:32,Finn Kunze:56,Mrs. Marlon Fritsch:57,Philip Paucek IV:22,Mustafa Dickinson:53,Kirk Okuneva:48",voluptatem,Su:15
1688,-65.1964642255705,122.57268809416081,"Chaz Metz:15,Mr. Caden Windler:15,Alanna Wisozk:12,Mable Greenfelder:13,Oswaldo Bailey:18","qui,doloremque,dolores,et,beatae,quisquam",We:4
12275,-54.615996617454726,-17.467430355960317,"Otha Jaskolski:1,Pasquale Marvin:72","mollitia,autem,nesciunt",Tu:21
4632,28.31052944777663,-14.247273540993461,"Yasmine Heidenreich:30,Hilario Wyman:79,Nicolas Beier Sr.:62,Cyril Boehm:91,Marques Feest IV:69,Jerel Bayer:9,Miss Herman Morar:87,Cassidy Runolfsdottir:27,Isaac Bartell:12,Mrs. Luis Mohr:96,Mrs. Etha Bednar:36",nisi,Mo:13
5324,68.96975172061852,55.643913333422205,"Marques Casper:7,Wilfrid Collier:66,Laisha Kassulke:65,Kaelyn Smith:1,Mrs. Mossie Herman:42","labore,impedit,et,vel,dolores,delectus,accusantium,sint",Th:0
8799,73.85193350180353,81.14581054416323,"Kathleen Nader MD:50,Lacy Bahringer:37,Colin Conn:83,Blake Bosco:27","ducimus,laudantium,sapiente,ex,est",Su:11
12155,22.892073533217427,43.24953408709055,"Rhianna Kihn:14,Jevon Romaguera:30,Talon Cummerata:82,Chadrick Nicolas:21,Jerod Ebert:34,Marlen Wintheiser:19,Darby Dach:67,Zelda Mosciski:98,Alivia Jewess:84,Alena Schowalter:52","nulla,id,blanditiis,sint,optio,et,dolor,perferendis",Tu:5
1161,-22.39151582538871,115.23424142065687,"Colten Lubowitz:78,Evie Schmidt:46,Ms. Colt Jacobson:51,Coty Nienow:31,Kiel Shields:52,Tobin Koss:22,Neha Jenkins PhD:81,Dr. Rollin Will:61","exercitationem,neque,sed,quae,cum,at,non,quos,ut,provident",Tu:4
10333,-20.476413092205377,105.43937276203951,"Helena Schultz:63,Muriel Schulist:15,Pamela Bruen:40,Sherwood Moore:28,Ms. Julie Klocko:2","aut,iure,eveniet,iusto,vel,unde",Sa:10
7269,29.691541387269282,71.14940230966235,"Mr. Chelsea Ryan:89,Alf Jaskolski:74,Luis Brown:100,Candice Schmeler:26,Kurtis Hills:13,Federico Hickle:57,Ms. Malachi Dickens:24,Braeden Murray:97,Gerry Frami:66","nemo,quos,magni,vel",Fr:6
1164,83.35241694437175,-171.20348108209828,"Ms. Zoie Gleichner:94,Jennifer Swaniawski V:15,John Greenfelder:54,Tre Pacocha:35,Burley Herzog:60,Dr. Lafayette Daniel:48,Dameon Bayer:70,Adrain Torphy:93,Mr. Abel Muller:85,Sven Kemmer:31","voluptatem,iure,debitis",Fr:18
11940,39.749164572169576,45.587052043106524,"Kayla Jacobson:34,Wilmer Marquardt:26,Aiden Kris:80,Zula Hoeger:33,Mr. Petra Hintz:9,Annabell Halvorson Jr.:43","modi,accusamus,porro,pariatur,quisquam,vitae,aperiam,quibusdam,officiis",Fr:20
6672,-49.71802426886521,69.2514413744259,"Ole Hills:41,Easter Brown PhD:77,Chyna Zulauf:88,Lamont Prosacco:43,Ludwig Lindgren I:40,Foster Ebert:5","sint,est,ipsum,dicta",Su:18
6622,-44.193339195892065,-118.64705323273157,"Miss Madisyn Beatty:29,Ismael Zulauf:94,Mrs. General Goodwin:31,Colleen Frami:68,Carmel Marquardt:35,Dashawn Kuhic:14","id,beatae,aut,voluptas,veniam",Fr:10
10742,-81.82734901980847,-80.71396919881387,"Ray Kutch:87,Sandra Durgan:18,Declan Mohr:70,Ryleigh Hirthe MD:70,Eva Keeling:39,Daron Kohler:39,Kelsi Stamm:56,Susanna Windler:37,Schuyler Keebler:0","recusandae,sapiente,beatae,tempora,nam",Su:4
7473,-6.179630639909533,69.57047702506833,"Melisa Fahey Jr.:98,Keith Schmitt:92,Hank Blanda V:96,Wayne Harber:42,Dr. Xander Lakin:46,Robert Reinger:51,Janis Klein Sr.:66,Benton Kris:41,Ofelia Glover:40,Deangelo Kreiger:97","animi,in,ut,voluptatem,dolorum,maxime,quod,minus",Tu:22
7943,81.48802512866916,126.88233600522392,"Richie Ziemann:45,Gertrude Glover V:46,Destany Bogisich III:7,Desmond McGlynn:17,Hunter Gusikowski:61,Clark Rippin PhD:27,Hassan Dare:69,Crystal Kuhn:23,Dr. Mac Boyer:47,Dawn Sipes IV:82,Fae Barton:17","et,accusamus,doloremque,sunt,veritatis,minus,magnam,recusandae,sunt,rerum",Th:3
11421,-60.82667693084496,104.14001080379552,"Rocio Heathcote:17,Jensen Mosciski:80,Mona Lebsack:50,Damion Okuneva:21,Esta Beier IV:66,Walker Simonis I:11,Mr. Harley Bartoletti:59,Dr. Liana Donnelly:29",quo,Tu:0
4449,-77.5407771424164,73.2393145668994,"Ms. Pearlie Paucek:88,Crawford King DDS:24,Jaycee Ruecker DDS:69,Saul Erdman:91,Ezequiel Blanda:12,Victor Lockman:58","qui,in,omnis,illum,ut,minima,quaerat",Th:14
2545,-60.869746268142265,-118.49587126362032,"Luigi Kling:75,Martine Koch:43,Stephon Jewess:14,Vladimir Bogisich:8,Winona Swift:67,Shanny Rohan:100",aspernatur,Mo:2
11854,-75.7621683603652,-86.7574245826825,"Kyla Goodwin:29,Trace Ferry:93,Mrs. Ericka Adams:85,Natalie Borer:44,Miss Koby Schroeder:94,Marlee Rolfson:63,Earnestine Nitzsche:86,Louisa Turcotte:64,Cicero Leffler:76","laboriosam,explicabo,quibusdam,in,ab,nulla,beatae",Mo:11
12320,0.37880614336495455,-120.02574941059376,"Cynthia Feil:10,Gideon Ledner DDS:16,Sage Hirthe:68,Miss Ari Rolfson:5,Polly Hessel:61,Marianna Leannon:63,Janiya Mueller:78,Miss Janick Swift:84",ut,Mo:22
10301,27.71262604916423,96.1841714240897,"Nelda Auer:72,Miss Joesph Fisher:28,Kavon Mueller:30,Jimmy Prosacco:64,Ozella Wunsch I:97,Columbus Moore:40,Ralph Schmeler:88",ad,Fr:8
2892,-64.26040437353015,161.11977107039576,"Lee DuBuque:22,Dejah Walsh:10","qui,fugit,dolores,rerum,odit",Fr:18
1214,71.06748923206436,48.25234316993871,"Connie Dare:28,Sheldon Roob II:28,Mrs. Blaise Predovic:69","facilis,debitis,voluptas,qui,voluptatibus,quaerat,tempora,quia",Th:15
3302,-85.50151079522388,13.767870592757987,"Dagmar Barton:31,Amani Runolfsson:12,Mrs. Dedrick Harvey:82,Dustin Prohaska:49,Meggie Smith:63,Miss Vernie Rowe:77,Kaley Cummings:27,Mr. Greyson Ortiz:36,Ewald Becker:23,Marley Friesen:47,Jocelyn Bogisich:69","laudantium,repudiandae,corrupti,eveniet",Th:9
8701,49.84193330086089,157.74068203502736,"Mason Farrell:95,Camren Volkman:11,Luciano Koepp:61,Kiel Hessel:79,Maurine Cassin III:92,Forrest Mayer:59","debitis,qui,est,placeat,consequuntur,qui,labore,consequatur,quasi",Su:6
11564,-79.93860542334939,-12.17835993814333,"Enrico Hammes:31,Ms. Delphia Boyle:29,Ms. Brody Mertz:70",et,Mo:7
11055,81.07239192158298,167.25603725241047,"Janice Kreiger:52,Ida Schroeder:44,Cody Stehr:68,Hildegard Abbott:71,Ignatius Flatley IV:40,Mrs. Cali Dickens:100,Margret Volkman:68,Bettye Schiller:66,Miss Rocky Olson:67","dolorem,voluptatem,quae",Fr:18
1437,6.316352765505712,-39.219469801118294,"Pearlie Abernathy:61,Al Rolfson:70,Ramon Deckow:28,Nettie Runolfsson:29,Russell Oberbrunner:81","rem,aliquam,libero,voluptas",Fr:19
12086,34.3671033280836,102.48911102090148,"Alexandre Towne:77,Macy Hamill:98,Amparo Raynor:29,Rhea Leuschke:66,Rhianna Crona:51","quia,dolores,est",Fr:5
1672,-38.124438318233906,109.96266135647289,"Kaitlin Ziemann:27,Clarabelle Toy:46,Patricia Murphy:93,Nolan Becker:46,Maddison Osinski:60","aut,quo,accusamus",Tu:10
8720,-89.07315738476508,79.93632488391893,"Lexi Wilkinson:8,Shakira Lueilwitz:34,Lela Aufderhar:79,Jacques Cole:95,Karlie Gottlieb V:26,Lenora Hagenes:68,Gustave Lowe:2,Darwin Volkman:61,Toney Cassin:89,Shaun Johnson:92",doloribus,Mo:23
2489,11.242446171766062,-7.599625913469509,"Pansy Dach III:41,Brandt Grady:60,Agustin Reynolds:45,Dr. Valentine Oberbrunner:25,Mrs. Viviane Conroy:80",praesentium,Th:5
4202,53.49573185549431,64.29722312176918,"Rigoberto Jones III:27,Miss Wallace Bartoletti:90,Hortense Grimes:60,Jules Swift:25,Damaris Medhurst IV:51","officiis,nostrum,similique,laboriosam,iste,minus,omnis",Su:11
412,2.8635180045072133,-31.151930950228348,"Miss Thurman Vandervort:95,Elmore Lakin:92,Danika Koss III:71,Ken Crooks:50,Chelsey Gorczany:10,Otilia Rath III:19,Ava Shanahan:36,Aleen Fahey:100,Eric Douglas:11,Maymie Jerde:87,Ivy Connelly:97","debitis,laborum,minus,rerum,aspernatur",Su:15
1037,-62.64122608173823,153.30535769417583,"Audra Mills:93,Dr. Dereck Yundt:95,Blaise Parisian:46,Dorothea Legros:18,Fausto Steuber:75","itaque,voluptatem",Mo:4
2354,29.545797307986845,-40.61621593047215,"Imelda Kunde:89,Miss Jaylin Beier:15,Zion Murphy:90","quaerat,maxime,nostrum,quod,culpa",Sa:2
2383,81.06694887816505,69.18879281762781,"Nigel Schultz:17,Mrs. Deondre Welch:61,Brenna Pouros II:89,Roscoe Schinner PhD:11,Carolyne Grady:35,Miss Eugenia Bins:86","consequuntur,ea,veritatis,in,esse,possimus,commodi,totam,totam",Sa:18
9059,-74.75605387297509,12.40966975087116,"Cecile Walter PhD:46,Vilma Kertzmann II:67,Pearlie Roberts:39,Stone Boyle:33,Gerardo Runte:32,Bulah Hettinger:1,Josianne Jenkins:53,Sid Lakin:87,Thalia Lockman:74,Greyson Jacobson:17,Corrine Brakus:48","cupiditate,eum,assumenda,omnis,rerum,repellendus,non,autem,distinctio,dolorem",Fr:3
1663,-32.65873388745013,94.3402353323591,"Jakob Hagenes:67,Lexus Lueilwitz:99,Bridgette Bernhard:71,Adeline Wisozk:85,Peter Jerde:79,Pinkie Crooks:83,Belle Howe:31,Kasey Carter:91,Davonte Lang:33,Demario Hoeger:72,Maxie Senger:71",perspiciatis,Fr:13
10297,-26.943176624831132,-22.099021824311563,"Alverta Kris:35,Myah Kuhlman:6,Delphia Klocko:100,Nadia Wolff:43,Presley Gusikowski:97,Taurean McDermott:33,Lauryn Balistreri III:17,Gracie Bogan MD:27,Jerry Hansen:14,Hilbert Conroy:41","nam,est,reiciendis,qui",Tu:23
5426,-66.38090952103511,49.11135358609371,"Mohammed Mayer MD:96,Kaya Turcotte I:69,Emmanuelle O'Keefe:4,Zoila Bechtelar III:4,Amelia Klein:75,Jany McClure:79,Madison Altenwerth DVM:54,Ed Mayer:39,Willow Doyle:85,Delmer Lind:48","consequatur,a,veniam,eos",Su:22
5696,76.32453964965612,-170.21614168708876,"Hilda Rippin V:35,Chloe Toy:72,Judson Medhurst:79,Scarlett Terry:29,Lauryn Predovic:90,Orlando Hyatt DVM:54,Jonathan Pagac MD:97,Kelsi Gerhold:71,Miss Cora Gerlach:70,Chase Hayes:35","aut,odit,velit,non,repellendus,laborum,sed,velit",Th:2
3133,7.228395092557477,132.44947677478666,"Dr. Maureen Grimes:34,Madie Wyman:76,Erick Hilpert II:73,Natalia White:36,Mrs. Shawna Muller:74,Dr. Coleman White:32,Roberta Gulgowski II:50","omnis,id,eos,doloremque,sit,provident,omnis,dicta,commodi",Fr:22
11133,-59.692244602306396,124.20162413142225,"Ms. Keyshawn Emard:94,Nathaniel Jacobi:6,Dewayne Olson:36,Jonathon Lubowitz:10,Lucy Turner:17,Andres Hettinger:58","ut,repellendus",Su:7
5751,-54.496297406465416,-137.0823894134615,"Cassidy Corkery:42,Clinton Tillman:37,Mr. Dennis Abbott:15,Berry DuBuque:79,Marcel Luettgen IV:82","doloribus,expedita,aut",We:18
5341,-9.003145096041749,-79.02072486530099,"Mallory Rau:8,Royce Russel:50,Berneice Jewess:54,Miss Trycia Kuhlman:6","beatae,ducimus,quisquam,eos",Th:19
1972,41.959303039722926,-173.8611898293509,"Corene Kuphal:36,Ms. Kolby Jaskolski:92,Yazmin Halvorson MD:54,Coy Tremblay:49,Adelle Cormier DDS:73,Kian Russel V:42,Humberto Hackett:82,Reagan Bruen:58,Erna Purdy:53","itaque,est,quia,id,harum,perferendis,voluptas,aspernatur,quam,quos",Tu:23
11399,5.349630550461271,-77.49232977707923,"Anjali Botsford:16,Linwood Stehr:65,Viviane King:86,Alice Crist:28,Mr. Andreane Orn:79","voluptatum,et,inventore,error,et",Su:18
9737,78.68144081496251,138.7208646385874,"Vallie Rosenbaum:60,Susan Block:45,Dexter Abernathy:25,Vada Fritsch:76,Mr. Zoe Glover:55","assumenda,unde,inventore,corrupti,debitis,accusantium,quia,provident,provident",Tu:18
12177,44.37338928746141,-126.51514974463026,"Tyrese Hauck:29,Leopoldo Mayert:15,Tom Russel:40,Hannah Berge:91,Mrs. Derek Goyette:15,Thora Hartmann:70,Jana Schaden IV:8,Cecilia Huel:95,Elza Bauch:40",iste,Sa:3
10910,64.44219939200173,75.31737803517817,"Russell Gaylord:85,Larissa Towne:33,Mrs. Catalina Schuster:100,Ryder Schowalter MD:11,Miss Stevie Mraz:4,Jovan Heaney:95,Devan Prohaska:28","eos,explicabo,optio,iste,modi,corporis,quos",Mo:10
11101,41.33944211510655,-95.96933665050949,"Theron Mayert:76,Dr. Melany Bednar:2,Jerald Schumm:45,Cornell Rippin V:45,Katherine Reinger:45,Alec Shanahan DVM:63,Walter Crona:79","suscipit,sed,laboriosam,cum,ab,facilis,atque",Th:14
11583,-22.846562608278774,154.2817057186234,"Cyrus O'Hara:82,Verla Paucek:94,Deanna Breitenberg:34,Mr. Mackenzie Powlowski:0",dolor,Su:7
11530,3.6370750425185605,122.5687585732797,"Makenna Rohan:95,Antoinette Beatty:81,Theodora Block:61,Marty Mueller:58,Toby Walker I:34,Audrey Thiel Sr.:47","nihil,et,et,vel,omnis",Th:5
5383,-46.1713837157229,-174.5670308693258,"Angie Ryan:12,Donald Keebler:67,Asa Nienow PhD:12,Percy Marquardt:46,Violette Ledner:50,Kip Jones:63,Alyson Smitham PhD:84,Mrs. Janiya Blick:6,Rosalia Stamm:26",consequuntur,Su:10
8793,-42.69743248887981,-67.71134485979158,"Sarai Ratke:87,Cade Treutel III:67","quae,natus,reprehenderit,animi,nesciunt",Sa:17
1177,33.85543040762481,71.31559031503286,"Waldo Rodriguez:33,Raina Hammes:40,Alexander Schumm:14,Josephine Marks:76,Domenic Purdy:74,Molly Gutkowski:16,Opal Hettinger:98,Miss Darwin Mraz:14,Ms. Dorthy Gleichner:17,Mr. Rahul Ledner:46","asperiores,dolor,deserunt,deleniti,facilis,et,doloribus,ipsa,autem,laudantium",Mo:17
10950,72.93231240436074,-39.54690582488519,"Darrin Murazik:19,Dedric Torp:55,Ernest Howell:94,Hassan Davis DVM:51,Gustave Schiller:6,Mrs. Esther Goldner:63,Roberto Schuppe:8,Roel McLaughlin:100,Adeline Wunsch Jr.:2,Elvis Hansen:54","consequatur,magnam",Su:7
302,2.614402405028443,12.598160037152809,"Fannie Jaskolski:75,Dr. Camron Hoeger:93,Theresia Greenholt:48,Clay Harber:69,Crawford Mayer:67,Miracle McCullough:29,Jermain O'Conner:92,Jaylin Robel:31,Everette Wilkinson:79,Mr. Anita Stracke:53","amet,atque,ipsum,eius,fuga,minus,quia,est,enim",Th:0
3610,39.50167595809583,-142.84947673743858,"Adriel Ebert:94,Cassandra Kunze:10,Dusty Murphy IV:77,Mrs. Clay Morar:66","cupiditate,ipsa,saepe,reiciendis,dolorem,earum,reiciendis,reprehenderit",Su:2
174,6.499452353945614,5.269650948303848,"Ms. Zelda Lubowitz:71,Ora Boyer:77,Sonny Schoen:76,Josiah Torp III:83,Miss Delmer Leannon:53,Edyth Kovacek:11,Iliana Runolfsson:47,Kristy Von:50","voluptas,minus,ut,perferendis,et,et,fugit,suscipit,unde",Mo:8
5828,28.48687519744736,78.57568499574955,"Mr. Virgie West:64,Ressie Harvey:43,Dell Mills:87,Ferne Beier:90,Jovan Kuhic:44,Jacques Labadie III:25,Arturo DuBuque:100,Xzavier Wilkinson:48","illum,repellendus,quasi,quam,et,est",Mo:16
800,3.5032341151984383,150.05607008423874,"Hardy Marvin:37,Evalyn Emard:29,Oswald Abernathy:65,Thomas Littel:52,Dr. Jaleel Kshlerin:20,Kasandra Schuppe:91","dolores,voluptas,iure,et",Th:7
389,7.734224301727579,37.21555647211798,"Mrs. Amelia Murazik:20,Meghan Shields:9,Hertha Hirthe:40,Twila Reinger:85,Price Pouros Jr.:35,Ms. Edythe Larson:37",ex,Fr:9
1109,-88.08576712291183,-53.844864093959416,"Emiliano Schultz:72,Erich Wuckert:54,Coby Kuvalis:22,Violet Donnelly:5,Riley Moore PhD:56","laboriosam,et,perferendis,deserunt,qui,inventore",Tu:15
376,10.516298484436831,174.69929839369973,"Willie Mann V:6,Emmet Simonis:46,Deangelo Hegmann PhD:10,Christophe Keeling DVM:9,Heidi Hoppe MD:94,Luna Rohan:11,Madisyn Romaguera:64,Mose Terry:76,Agustin Ledner DDS:21","et,aliquid,amet",Su:18
3961,18.040378641365265,88.90736246240544,"Filomena Botsford Jr.:57,Gerda Heller:87,Gideon Bartoletti DVM:47,Velma Quitzon:49","velit,non,dolore,error,quis,aperiam,quia,laborum,id",Fr:2
2752,-74.68292383847707,-132.16414035956953,"Mr. Stone Toy:63,Darwin Stanton:76,Eloise Cummings:23,Jacquelyn Mante:51,Kailyn Trantow:98,Alexander Cassin:54,Mrs. Berneice Prosacco:60,Paul Heaney:72,Kameron Daniel Sr.:10,Norris Kertzmann:53","sed,quos,nostrum,architecto,qui,ipsum,ut,sunt,omnis,earum",We:17
2568,83.85689768239655,-144.4808594465115,"Mr. Jett Boehm:57,Dane Fay:2,Neoma Lindgren:22,Annabel Cremin:99,Dr. Jasen Sanford:47,Cary Sporer:19","officiis,quo,modi,velit,ea,ab,molestiae,excepturi,illum",We:19
6178,51.001938475049,-11.607638514666888,"Casimer Price:19,Gabrielle Rosenbaum:18,Rick Zulauf:14,Rachel Nolan:88,Mr. Rashawn Bashirian:12,Tressa Tremblay:8","sint,nisi,magnam,dolore,velit,ad,mollitia,perferendis",Sa:5
10811,83.12455892239717,84.96799665934924,"Ali Feest:28,Ms. Maudie Stoltenberg:33,German Sauer MD:0,Norma Emmerich:15,Jaquan Stark:81","eum,voluptatem,officiis,quo,nesciunt,qui,molestiae,possimus,tempore",Mo:12
1014,69.46044951011689,-8.40745192457723,"Ms. Dario Herzog:6,Mrs. Kianna Renner:86,Kaelyn Harvey:44,Benton Mertz:81,Tate Macejkovic:44,Tyrell Bogisich:93,Fritz Jones MD:62,Carter Jerde:8,Miss Gus Conn:35,Mr. Amalia Kovacek:14,Aliyah Kulas:46","pariatur,nesciunt,iste,veritatis,debitis,ut,veritatis",Fr:15
11711,-69.97760967604123,161.50388088813713,"Mrs. Jazlyn Smitham:93,Brock Treutel:73,Tabitha Mueller:0,Raoul Walter MD:43,Annabel Lueilwitz:75","facere,id,unde,molestiae,et,reprehenderit,et,excepturi,quo",Su:1
3016,-68.91235939661298,16.143252841841615,"Sienna Mills:20,Dr. Zoila Jaskolski:65,Dr. Cody Ryan:41,Alan Haley:59,Darren Lemke V:29,Dr. Dessie Carroll:67,Ms. Clemmie Leannon:79","quam,aut,ea,quos,consequatur,doloribus,cum,ut",Mo:8
1305,-52.61440044208951,-5.01193521558011,"Lori Herman Sr.:86,Larue Lebsack:41,Otha Glover:38,Zaria Franecki:78,Ayla Heathcote DVM:29,Lazaro Bartell:6,Ruth Huel I:88,Aylin Cormier DDS:14,Mr. Golda Cartwright:49","eaque,at,et,et,quam,nobis,sunt,et,doloribus,ut",Fr:9
557,-57.958097241509265,100.76783373495164,"Cornell Cremin:72,Athena Rohan:23,Cecelia Roob I:74,Pinkie Harris I:21,Noemi Terry:28","assumenda,vel,rerum,quia,eius",Th:9
6206,-7.31552355807915,176.12677354683825,"Alta Schimmel:26,Mr. Gudrun Hilll:22,Jess Koss DVM:67,Dovie Mante V:81,Mrs. Cristina Muller:56,Jammie Beier Sr.:29,Grady Lind:95,Bridget Larkin MD:52,Pedro Heidenreich PhD:10","quibusdam,suscipit,repellendus,ut",We:20
10623,-58.619887518084894,159.0844356701723,"Jadyn Adams:93,Craig Will:54,Dr. Andre Lueilwitz:7,Jettie Roberts:60,Lisa Cormier:100,Joanne Schultz:49,Loren Dibbert V:74","illum,illo,voluptatibus,ut,a,voluptatibus,explicabo,eligendi,libero,culpa",We:15
9502,46.269160345628364,32.01949413263026,"Rory Douglas:35,Alia Streich:5,Adam Hane DVM:2,Sienna O'Hara:59,Alexandria Padberg DDS:10,Mrs. Magdalena Durgan:45,Mrs. Gilbert Keeling:64","odit,mollitia,omnis,et,in,possimus,suscipit,laudantium,perspiciatis",We:10
9924,25.92275881797974,-29.420563517375058,"Lazaro Grimes:18,Kayden Feil:52,Wilford Kilback:14,Sim Ebert:90,Sally Mosciski DVM:80,Pablo Kilback:80,Miss Eva Strosin:7,Robbie Mraz:66,Mrs. Maryam Windler:17,Ruben Hilll:92,Prudence Stoltenberg:97",temporibus,Su:23
5109,50.026954632949014,16.39733281867214,"Bradford Vandervort:44,Violet Ortiz:71",aut,Mo:15
7854,43.83331784611039,81.41223832137393,"Yolanda Quitzon:14,Gregg Donnelly:30,Mrs. Carmelo Marvin:89,Ms. Ava Effertz:56,Otho Gottlieb:86,Miss Gerardo Homenick:8,Angela Hamill:21,Flavie Toy:38,Mrs. Jace Schinner:29,Jackeline Walsh:84,Cordelia Mertz:94","nulla,eius,maxime",Th:5
8900,82.59145720530469,-125.79957476687605,"Armani Carroll Sr.:43,Destin Crooks DVM:23,Kasey Sawayn:96","vel,est,fuga,ab,assumenda,consequatur,quas,aut,enim",Su:12
7567,35.80562884381207,-169.5166200682544,"Miss Ryder Hermann:43,Marlen Stehr:4,Sylvan Franecki:63,Mrs. Lavon Haag:81,Miss Shana Labadie:96,Damion Jenkins:95,Mr. Leila Boyer:26,Chasity Huel Jr.:100","mollitia,non,non,in",Mo:7
3505,52.8845169979671,-49.42968769272545,"Jonas Gusikowski:68,Armani Miller III:68,Erica Goldner:2,Marisa Fisher DVM:96,Dr. Tianna Dicki:2,Vergie Kihn:86,Miss Carroll Will:99,Zoila Boyer:74,Hilbert Skiles:67","eius,ut,vel,sunt,beatae,ut,sit,voluptatibus",Tu:20
10384,-89.08554343012752,42.74463671113358,"Luna Gibson:37,Darrin Hermann:44,Felipe Lebsack:94,Madalyn Romaguera:75,Marilie Sanford:27","laborum,quia,eos,ipsa",Mo:14
11610,47.61924883544805,-124.86935765300375,"Gennaro Lemke:30,Dominique Morar:1,Carol Schaden:29,Ms. Brandon Stiedemann:24,Lemuel Bartell:11,Jaron Quitzon Jr.:17,Izabella Bins:9,Nicola Schoen:59,Annamarie Quitzon:97,Corbin Runolfsdottir:67,Garnet Botsford:78","blanditiis,a,quo,voluptatem",Tu:20
8380,48.69256489582031,72.54788647312338,"Landen Hauck:53,Heber Kuhlman:66,Raphael Adams I:38,Nelda Gusikowski:91,Eleanore Marquardt:90","quas,placeat,facilis,omnis,est",We:1
87,-52.76145439039475,171.31597195344864,"Paris McClure DDS:4,Peter Bernhard:6,Ms. Juanita Heathcote:68,Edgardo Okuneva:46,Dr. Arden O'Keefe:10,Omer Pacocha DVM:85,Lyric Kreiger:49,Ryann Moore:99","quisquam,natus,suscipit",Tu:11
10204,41.000383626135516,-108.6094306168511,"Aglae Bins:100,Rene Bailey:38,Lee Anderson:62,Dominique Huel:58,Patience Hermann:7,Norwood Veum:100,Maximillia Dare:69","et,ut,distinctio,voluptatem,a,minus",Fr:22
11132,-80.36200213120546,78.4328648910597,"Angela O'Kon:43,Amy Tremblay:36","praesentium,distinctio,hic",Su:8
6095,-48.36717991986974,6.711122905864926,"Zella Feest:5,Helen Douglas:8,Melba Schuppe:25,Larissa Ernser:28","sit,quibusdam,commodi,repudiandae,sunt,ipsum",Sa:7
10074,-87.27235130796234,-108.09076856469365,"Isabel Aufderhar:46,Neva Wyman:57","aut,qui,autem,facilis,voluptas,officiis,repellendus,occaecati,et",We:3
7088,-42.58085318439255,-135.0258002137898,"Madalyn Miller I:82,Maryse Parisian:64,Jaclyn Gottlieb:94,Dovie Satterfield:47,Rasheed Daniel:15,Carole Balistreri:76,Alejandrin Hermann:78","fuga,in,modi,eius,ea,dolorum,quae",Mo:13
2721,-20.12104653239092,-151.120831101491,"Ms. Carlotta Cartwright:11,Audra Friesen:51,Gaetano Ankunding:8,Mack Bahringer:35,Ms. Oda Medhurst:77,Osborne Altenwerth DDS:3",exercitationem,We:19
9013,-11.155098680529619,59.228106918938465,"Cassidy Blick I:48,Mrs. Albertha Jaskolski:40,Judah Wilkinson:44,Lyric Hamill:83,Yasmin Gerlach I:9,Harry Kuphal:15,Sabrina Beier:39,Tod Barton:67","est,eveniet,minima,exercitationem,qui,nobis,quibusdam,omnis,qui",Fr:16
5715,10.40969985613323,-4.73705603796094,"Quinten Cormier:12,Reyes Rice:99,Edna Reilly:28,Norwood Fritsch:5,Beth Hane:68,Miss Luis Nader:53","consequuntur,ut,non",We:5
5182,7.251577903086584,-2.1349266028753107,"Anjali Ziemann:64,Robyn Tromp:2,Solon Skiles:82,Emmalee Pfeffer:71,Cameron Kunze:78,Samantha Zboncak:29,Dion Carter V:22,Daija Hyatt III:88,Beatrice Swaniawski:78","tenetur,quo,sed,laudantium,nihil,voluptas",Mo:11
263,42.33526496187392,-83.72482599075468,"Efren Hudson:77,Delphia Abernathy:41,Jackeline Parker Jr.:54,Zakary Lockman:98,Malika Bosco II:31","quasi,adipisci,consectetur,repellat,assumenda,voluptatibus,eius,perferendis",Su:8
5770,-27.65522349514619,-91.92793613981054,"Clementina Hagenes:40,Chesley Stark I:57,Noelia Osinski DDS:72,Orpha Zieme:10,Carmelo Marvin DDS:9","est,animi,veniam,cumque,occaecati,consequatur,omnis,repellendus,at",Su:1
6523,81.18031249242432,-46.44392557405459,"Aric Homenick:67,Jeramie Schulist Sr.:98,Aurore Fritsch II:78","nihil,saepe,nihil,voluptas,et,alias,ducimus,aut,ea,optio",Th:17
8139,12.633141337432079,7.453867621119173,"Rylee Kuhic:78,Miss Riley Bailey:20,Drew Parisian IV:71,Margarita Kub:78,Ms. Asia Morar:4,Emerald Gutkowski:97","dolorem,suscipit",Sa:18
6690,83.43520511056019,-100.62880550673468,"Nelda Eichmann:53,Gladys Donnelly DDS:39,Xzavier Ferry:54,Mrs. Virgil Johnston:14,Ms. Bret Upton:42,Quentin Emard:69,Cameron Stoltenberg:0,Jovan Kuphal:0,Arielle Funk:99,Jerome Kuhn IV:30,Mr. Bell Schowalter:33","consequatur,fugiat,accusamus",We:13
185,63.51142046928331,72.72987234782067,"Ollie Connelly:41,Mrs. Daphney Wyman:19,Nelson Konopelski:38,Colt Wehner:79,Kieran Swift PhD:15,Tyshawn Kub:59","sequi,ut,sint,et,eveniet,excepturi",We:17
8994,75.7271717132613,-159.59173065004296,"Randy Schroeder:34,Antonetta Bogisich:4,Mavis Kozey:38,Sage Anderson:14,Cassandra Rippin:53,Richie Feest:74,Tyrell Will:62","eos,ut,enim,vel,reprehenderit,porro,debitis",Sa:22
11012,-1.4065470756464293,-165.64760139400505,"Mrs. Noelia Bosco:66,Miss Corene Murray:93,Ceasar Lueilwitz:77,Tremayne Runolfsson:51,Mr. Dominique Hickle:44,Evelyn Leffler:87,Alejandrin Wolff:97,Eulalia Bogisich:55,Stevie Hackett:20",id,We:22
2156,-20.480986967960533,164.91203564238293,"Baron Abshire III:50,Lenna Mertz:28",atque,We:3
8917,-82.7948519308779,102.12362978128834,"Jaiden Hermann:31,Jarrod Altenwerth:12,Dr. Kurtis O'Conner:79,Kane Leuschke MD:0,Ward Ward:16,Domenico Hammes:70,Jeffry Gislason PhD:78","maxime,esse",We:17
4868,80.46095245459856,177.39376571677923,"Grayce Heaney:7,Mattie Runolfsson:31,Orin Huel:55,Mrs. Sally Senger:8,Amy Runolfsdottir:83","adipisci,qui,et,aut,quia,delectus,totam,dolorem",Mo:19
10908,73.28320932994075,-24.06946076040589,"Salvatore Hills:30,Yasmeen Cronin:3,Damian Halvorson II:7,Jamie McClure:67","voluptas,dolore,eos,ab,aut,eligendi,voluptatem",Su:9
2444,70.38274218983923,12.705798077412538,"Liliana Oberbrunner:100,Dr. Nickolas Wyman:66","est,ad,sequi,magnam,corrupti",Th:4
5528,42.10075418756739,116.20386892598475,"Holden Bode:40,Sebastian Nicolas:92,Mrs. Pinkie O'Hara:32","quo,rerum,voluptas",Mo:15
1745,0.18157867904281488,-163.732246852971,"Alaina Kihn:5,Mitchel Heller DVM:68,Collin Halvorson:68,Frank Stehr:45,Bradley O'Hara DVM:25,Mrs. Hailee Schaefer:82,Dr. Myrl Kling:61,Mr. Catharine Cummerata:72,Nicklaus Swaniawski IV:44","consequatur,eum,cum,aliquid,voluptas,enim,dolor,perferendis,suscipit,et",Th:17
1195,9.653213441154136,-128.72030010995783,"Nedra Runolfsdottir:66,Mrs. Nona Kassulke:57,Nico Cummerata:38,Jaron Considine:65,Jake Johns:40,Malika Becker III:74,Flossie Grant:39,Aylin Boyle:51","illum,omnis,maiores,consequuntur,saepe,distinctio,voluptatem",We:8
1416,1.0979275614976842,2.575280254445488,"Roberta Simonis:40,Parker Yost:14,Meaghan Klocko Jr.:17,Guy Lueilwitz:69","aut,rerum,aut,tempore,mollitia,nostrum,illo,praesentium,dignissimos",Mo:17
494,-52.24463255959684,-88.19618084525646,"Ms. Lamont Effertz:23,Elva Schaefer Sr.:9,Bonita Erdman:15,Jamaal Crist:88,Dr. Michelle Nader:40,Jalon Wintheiser:0,Mrs. Vergie Sauer:22,Heather Beier Jr.:75,Emory Murphy:63","nemo,quasi,consequatur,eum,voluptatum,et,itaque,blanditiis,repellendus",Mo:5
53,-73.99168172260593,-123.38989688027593,"Junius Satterfield:79,Betty Cremin:67,Stephany Goldner:17,Raul Cummerata DDS:53,Mr. Callie Bruen:63,Dr. Hoyt Moen:39,Cicero Dach:4,Jade Prohaska:12","ducimus,quos,ut,non,eos,necessitatibus,sapiente,iste",Sa:11
4119,41.22544166636675,-119.46214711753404,"Leslie Roob:81,Alysa Casper:63,Lenny Lakin:84,Camden Yundt:4,Lloyd Carroll:15,Marcella Ebert II:11,Dean Hegmann Sr.:73","rerum,expedita,modi",Th:1
558,-37.01675302099951,56.99520155629301,"Stone Feeney:76,Aurelia Thompson:23,Donald Reichert:77,Bernardo Kirlin:76,Ms. Breana Jacobi:13,Hellen Ward:32,Frida Reilly:86,Dagmar Conn:48,Hudson Metz:12,Camille Pouros DVM:79,Geoffrey Denesik II:36","maiores,quia,consequatur,voluptas",Tu:19
11369,-85.959316068087,9.868129371489545,"Miss Judd Bednar:81,Judge Toy:14,Salvador Jaskolski:68,Dora Dickinson DDS:9,Deshaun Kemmer IV:73,Colleen Schoen:5,Jacynthe Fay:69,Coleman Batz:91,Phoebe Jacobi:53,Gaetano Block:27,Dr. Ayla Von:91",magni,Th:14
2286,75.10497215964668,165.44507177376192,"Lucienne Wehner:13,Pamela Bruen:84,Letitia Botsford:15","sint,accusamus,deserunt,nulla,consectetur,est,et,modi,quisquam",Th:12
6795,-56.578113105091546,-161.71142232204932,"Mr. Caden Mosciski:79,Aubree Runolfsson:74,Josue Keebler:78,Mary Koss:82,Manuel Abernathy:95,Mr. Trey Zemlak:84,Sibyl Mills III:32,Fletcher Kutch MD:88,Albina Champlin:73,Grant Cummerata:77","qui,ea,nihil,qui",Mo:5
5229,-88.85405061329412,100.91364269734203,"Miss Nicola Ratke:1,Savion Hessel:94,Ms. Brad Bahringer:69,Nyasia Hirthe PhD:28,Cara Wiegand DDS:60,Elwin Beer:9","repellat,accusantium",Tu:10
5151,65.63836598368493,176.45615453134656,"Rosamond Cormier V:44,Fidel Abshire:36,Favian Hagenes:6,Afton Herman:18","ut,reiciendis",We:7
9318,9.056612687186345,-69.05636500180579,"Khalid Schneider:33,Era Kuhlman:35,Luna Doyle:13,Eloise Gutkowski:98,Braxton Bahringer II:36,Lizzie Beier:61,Guadalupe Krajcik:20,Thad Lakin:45","sunt,rerum,sed,blanditiis,voluptatem,eius,at,labore",Su:12
846,-57.10400296794839,-70.56820510091748,"Unique Weimann:88,Iva VonRueden:12,Bonnie Stokes:31,Lolita Gleason IV:82","quo,eveniet,exercitationem,beatae,est,consectetur,perspiciatis,in,eos",Th:23
10265,75.33332479184932,131.4587013173787,"Myron Kemmer:0,Lorena Witting:68,Ludie Cruickshank II:46,Arlene Hand:24,Ofelia Gutkowski:90","dolor,ut,laborum",Th:6
1977,21.458218172919956,1.6530678856364034,"Dr. Nakia Nikolaus:46,Mr. Jonas Cummings:2,Danika Keeling:40,Nestor Steuber V:64,Miss Reanna Ward:89,Miss Brandt Lynch:26,Erling Langworth IV:25,Shaina Waelchi:86,Bradford Rippin PhD:24","et,consequatur,animi,numquam,ut,suscipit,recusandae",Mo:16
6471,76.59109394878595,-107.22022441238714,"Marilou Aufderhar:80,Raleigh Keeling:15,Roy Hills:44,Adolf Ritchie:70,Xander Russel I:76,Lily Klein:8,Rigoberto Keebler:31,Ola Deckow:27","autem,tenetur",Tu:13
12176,64.1477953502932,115.39779749949474,"Miss Mazie Schaden:71,Afton Pouros:46,Jessie Von:58,Keeley Lesch Sr.:43,Unique Mayer:89,Jakob Wiegand V:53,Tre Sawayn:9",quasi,Sa:22
9691,-75.08940681875553,-115.13285068035066,"Johanna Satterfield:17,Liza Maggio:34,Triston Larson V:16,Tom Conn:47,Amelia Conn:0,Kayley Tillman II:28,Liana Rosenbaum:54,Roma Murphy:3,Raheem Nolan:42,Precious Kohler III:76,Marilou Bergstrom:76","debitis,dignissimos,quis,aut,delectus,quod,veritatis,nesciunt",Su:21
7231,-73.08566907698511,146.40121780289513,"Imelda Herman:87,Arvilla Kohler:30,Roma Prohaska:65,Libbie Heller:79,Kamryn Lesch:5,Ms. Marc Goldner:2","non,voluptas,optio,amet,labore,voluptas,impedit,debitis,omnis,culpa",Mo:19
2873,-21.80049632409498,157.3916047498888,"Aryanna Kihn:84,Valerie Dietrich:28,Bennie Kulas:65,Reilly King:75","quia,cum,in,eaque,perferendis",Mo:5
11221,-87.59380542013204,-48.81225788804153,"Mr. Kiarra Wisoky:82,Ron McDermott PhD:59,Claudine Kling MD:15,Julian Roob:87,Christ Bogisich:50,Dereck Hand:0,Maggie Denesik:8,Miss Kianna Bashirian:60,Dr. Kaylah Bechtelar:88,Cathrine Anderson Sr.:36,Ms. Nelson Kautzer:51","minima,et,fugiat,in,accusantium,maxime,ab,quis,aliquam,rerum",Fr:1
2582,7.217699425022516,97.92513912661315,"Elinore Lehner:95,Aaron Zemlak:70,Bulah Feest:66,Laila Schuppe:36,Gregorio Bernier Sr.:15,Cassandre Casper:71,Valentina Torphy:36,Mr. Henriette Quigley:3","voluptatibus,aut,voluptas",Mo:17
1028,-44.45079839297725,-72.49839704403682,"Dr. Willow Lang:93,Frederik Kris:23,Filiberto Daniel:65,Ethan Halvorson:35,Martine Rosenbaum:99,Kristofer Hudson:87,Waino Krajcik:23,Mr. Werner Labadie:97,Mr. Erika Boehm:5,Miss Daphney Batz:88,Harrison Jerde:84","ut,eligendi,nemo,eos,enim",Su:6
412,19.81623271504681,50.06833181945862,"Burdette Waelchi:46,Genoveva Morissette:50,Leif Rosenbaum:95,Mr. Coy Schmitt:86,Vivienne Walter:38,Fred Bins I:89,Dr. Jamel Towne:82,Ms. Rodrick Emard:50,Judson McDermott:25,Alden Dicki:6,Dr. Flossie Schoen:53","sunt,dolorum",Fr:5
4008,59.309551040608284,33.14655615938835,"Franz Grady:65,Marques Bayer:99,Jena Lesch MD:48,Bennie Metz:22,Dr. Jayne Kilback:100,Agustina Runolfsson:35,Mr. Laney Considine:12","eligendi,dignissimos,ipsa,sint,molestiae,recusandae,illo,dignissimos",We:10
8333,-30.562214020702015,-119.49644325586269,"Karelle DuBuque:1,Rocky Schuppe:72,Kristopher Langosh:1,Neoma Stokes MD:78,Flo Deckow:12,Audra Lowe DDS:17",velit,We:6
6749,-8.254109925935055,-104.5440376810324,"Jarrell Gutkowski:22,Adelle Gleichner:58,Anjali Ruecker:91,Jerrell Glover Sr.:52,Mr. Jed Kuvalis:88,Beulah Auer DDS:43,Brando Senger:53,Gianni Daniel:96,Presley Williamson:64,Sarina Kling Jr.:64,Audra Walsh:24",ullam,Fr:0
9608,-12.353375721039171,-124.28320045037071,"Karson Wuckert:37,Ana Hoppe:41,Donna Shields:30","incidunt,adipisci,necessitatibus,voluptate,laboriosam,fugiat",Su:3
6865,48.03781757830657,-114.24978598894256,"Adolf Bins:41,Dr. Melvina Parisian:73","rerum,dignissimos,tempore,deserunt,aliquid,laboriosam,explicabo,ab,consequuntur",We:4
5433,-40.755102983813146,-124.32442500720151,"Xavier Kilback:84,Joaquin Pacocha:80,Dr. Haylee Predovic:2,Armani Aufderhar Sr.:92","aut,quo,excepturi,et,voluptatibus",We:3
8521,-74.31993198931913,-88.81538422370173,"Eldred King:67,Morris Kilback:29,Brain Hilll DDS:58,Ms. Katherine Hegmann:21,Keshaun Doyle:99,Kenyon Rohan:72,Chanel Robel Jr.:80,Zora McGlynn:69","est,dolorum,voluptatem,aut,aut,autem,quo",Su:19
